Date,Route,Area,Ridership,Delay_Minutes,Satisfaction_Score,Day_Type
2025-01-01 00:00:00,R4,South,469,1.7,2.6,Weekday
2025-01-01 01:00:00,R5,West,135,16.0,4.1,Weekday
2025-01-01 02:00:00,R3,East,283,5.7,3.6,Weekend
2025-01-01 03:00:00,R5,North,139,11.7,3.9,Weekend
2025-01-01 04:00:00,R5,East,363,10.0,2.9,Weekday
2025-01-01 05:00:00,R2,Central,103,15.0,3.2,Weekday
2025-01-01 06:00:00,R3,West,61,20.9,4.2,Weekend
2025-01-01 07:00:00,R3,East,258,3.5,4.9,Weekend
2025-01-01 08:00:00,R3,South,63,6.8,2.6,Weekday
2025-01-01 09:00:00,R5,Central,170,10.9,4.7,Weekend
2025-01-01 10:00:00,R4,Central,467,4.5,3.9,Weekday
2025-01-01 11:00:00,R3,East,486,13.9,3.9,Weekday
2025-01-01 12:00:00,R5,East,426,14.2,3.8,Weekday
2025-01-01 13:00:00,R2,West,69,12.8,2.7,Weekend
2025-01-01 14:00:00,R4,North,124,11.2,2.7,Weekend
2025-01-01 15:00:00,R2,East,449,16.8,4.0,Weekend
2025-01-01 16:00:00,R4,East,292,4.2,3.4,Weekend
2025-01-01 17:00:00,R5,South,272,10.3,4.8,Weekday
2025-01-01 18:00:00,R1,Central,119,6.3,3.5,Weekend
2025-01-01 19:00:00,R4,North,361,14.4,2.9,Weekday
2025-01-01 20:00:00,R2,South,260,0.8,4.3,Weekday
2025-01-01 21:00:00,R5,West,150,9.9,3.2,Weekday
2025-01-01 22:00:00,R4,West,235,11.7,3.8,Weekend
2025-01-01 23:00:00,R1,East,181,5.3,4.2,Weekday
2025-01-02 00:00:00,R1,East,160,6.9,4.8,Weekday
2025-01-02 01:00:00,R3,West,430,10.1,4.5,Weekend
2025-01-02 02:00:00,R3,East,181,14.8,4.2,Weekday
2025-01-02 03:00:00,R2,North,69,4.8,4.2,Weekend
2025-01-02 04:00:00,R4,East,443,5.7,4.9,Weekend
2025-01-02 05:00:00,R4,Central,73,15.6,3.2,Weekend
2025-01-02 06:00:00,R3,East,276,8.6,2.5,Weekday
2025-01-02 07:00:00,R4,South,203,6.1,3.2,Weekend
2025-01-02 08:00:00,R4,North,342,13.6,3.0,Weekend
2025-01-02 09:00:00,R1,South,279,7.6,4.2,Weekend
2025-01-02 10:00:00,R3,South,359,15.1,4.1,Weekend
2025-01-02 11:00:00,R5,Central,408,6.7,4.0,Weekday
2025-01-02 12:00:00,R3,North,454,9.2,2.5,Weekend
2025-01-02 13:00:00,R5,North,251,14.7,4.3,Weekday
2025-01-02 14:00:00,R1,North,87,8.9,3.3,Weekend
2025-01-02 15:00:00,R2,North,479,13.8,4.2,Weekday
2025-01-02 16:00:00,R4,North,309,9.7,3.9,Weekend
2025-01-02 17:00:00,R1,Central,237,19.9,3.4,Weekday
2025-01-02 18:00:00,R4,East,106,17.8,2.8,Weekend
2025-01-02 19:00:00,R2,South,478,3.4,2.7,Weekday
2025-01-02 20:00:00,R2,North,69,12.6,4.6,Weekday
2025-01-02 21:00:00,R1,East,322,5.9,4.8,Weekday
2025-01-02 22:00:00,R2,East,168,11.0,4.1,Weekend
2025-01-02 23:00:00,R5,South,120,10.3,2.8,Weekday
2025-01-03 00:00:00,R2,Central,53,4.7,3.5,Weekday
2025-01-03 01:00:00,R4,West,270,15.3,4.3,Weekday
2025-01-03 02:00:00,R4,West,63,11.0,4.4,Weekday
2025-01-03 03:00:00,R4,East,52,8.6,2.8,Weekend
2025-01-03 04:00:00,R4,South,265,7.8,2.5,Weekday
2025-01-03 05:00:00,R5,West,278,10.7,4.3,Weekday
2025-01-03 06:00:00,R3,East,385,12.0,3.4,Weekday
2025-01-03 07:00:00,R1,Central,235,9.4,3.1,Weekend
2025-01-03 08:00:00,R4,West,104,4.2,2.5,Weekday
2025-01-03 09:00:00,R2,East,437,10.1,3.9,Weekday
2025-01-03 10:00:00,R4,East,425,2.8,4.6,Weekday
2025-01-03 11:00:00,R2,North,303,9.0,4.9,Weekday
2025-01-03 12:00:00,R2,Central,73,3.0,3.9,Weekend
2025-01-03 13:00:00,R4,North,211,2.9,3.8,Weekday
2025-01-03 14:00:00,R5,South,207,16.2,2.7,Weekday
2025-01-03 15:00:00,R2,North,131,8.4,3.9,Weekend
2025-01-03 16:00:00,R2,North,452,8.0,3.4,Weekend
2025-01-03 17:00:00,R4,West,208,12.4,4.0,Weekend
2025-01-03 18:00:00,R2,East,237,8.1,3.5,Weekday
2025-01-03 19:00:00,R2,Central,109,20.5,3.1,Weekend
2025-01-03 20:00:00,R4,North,452,8.6,2.7,Weekday
2025-01-03 21:00:00,R4,Central,354,11.8,3.3,Weekend
2025-01-03 22:00:00,R1,North,368,14.9,2.7,Weekday
2025-01-03 23:00:00,R5,South,415,18.0,2.9,Weekend
2025-01-04 00:00:00,R5,North,260,6.3,5.0,Weekday
2025-01-04 01:00:00,R2,West,455,7.9,3.6,Weekend
2025-01-04 02:00:00,R5,East,201,16.4,3.8,Weekday
2025-01-04 03:00:00,R2,South,158,14.1,4.7,Weekday
2025-01-04 04:00:00,R1,North,125,15.4,5.0,Weekday
2025-01-04 05:00:00,R4,Central,79,3.2,4.0,Weekday
2025-01-04 06:00:00,R4,South,363,17.7,4.5,Weekday
2025-01-04 07:00:00,R4,South,166,6.2,3.3,Weekday
2025-01-04 08:00:00,R5,North,464,11.0,3.3,Weekday
2025-01-04 09:00:00,R1,South,405,9.3,3.5,Weekday
2025-01-04 10:00:00,R5,Central,241,5.6,4.2,Weekend
2025-01-04 11:00:00,R5,South,68,2.9,4.2,Weekday
2025-01-04 12:00:00,R1,Central,481,1.3,3.3,Weekday
2025-01-04 13:00:00,R1,North,222,10.6,2.8,Weekend
2025-01-04 14:00:00,R1,East,277,2.4,4.1,Weekday
2025-01-04 15:00:00,R1,South,399,4.3,2.8,Weekend
2025-01-04 16:00:00,R4,East,232,8.9,3.9,Weekday
2025-01-04 17:00:00,R3,Central,162,3.2,4.2,Weekend
2025-01-04 18:00:00,R3,South,232,13.9,4.3,Weekend
2025-01-04 19:00:00,R1,West,195,2.0,4.4,Weekday
2025-01-04 20:00:00,R3,East,368,9.6,4.7,Weekend
2025-01-04 21:00:00,R3,South,165,10.1,3.7,Weekday
2025-01-04 22:00:00,R1,East,162,12.7,4.3,Weekday
2025-01-04 23:00:00,R3,South,300,9.8,4.0,Weekday
2025-01-05 00:00:00,R5,North,300,20.1,3.0,Weekday
2025-01-05 01:00:00,R2,East,352,11.1,2.6,Weekend
2025-01-05 02:00:00,R2,West,362,15.3,3.2,Weekday
2025-01-05 03:00:00,R1,West,167,6.4,3.6,Weekend
2025-01-05 04:00:00,R4,Central,350,10.6,4.0,Weekend
2025-01-05 05:00:00,R1,South,210,17.7,4.6,Weekday
2025-01-05 06:00:00,R4,East,450,8.8,3.0,Weekday
2025-01-05 07:00:00,R2,Central,247,11.0,2.8,Weekday
2025-01-05 08:00:00,R1,East,309,14.9,4.9,Weekday
2025-01-05 09:00:00,R5,South,197,6.3,2.8,Weekend
2025-01-05 10:00:00,R3,West,289,0.8,3.7,Weekday
2025-01-05 11:00:00,R4,North,96,11.3,4.0,Weekend
2025-01-05 12:00:00,R3,West,448,14.9,3.9,Weekday
2025-01-05 13:00:00,R3,Central,247,3.2,2.7,Weekday
2025-01-05 14:00:00,R1,North,96,13.4,2.6,Weekday
2025-01-05 15:00:00,R3,Central,127,13.4,2.8,Weekday
2025-01-05 16:00:00,R5,South,173,1.4,4.0,Weekend
2025-01-05 17:00:00,R3,North,124,5.3,3.9,Weekend
2025-01-05 18:00:00,R1,Central,408,8.0,3.1,Weekday
2025-01-05 19:00:00,R5,South,186,9.1,4.1,Weekend
2025-01-05 20:00:00,R2,West,139,6.3,4.6,Weekend
2025-01-05 21:00:00,R3,South,449,6.0,2.6,Weekday
2025-01-05 22:00:00,R1,East,374,18.4,3.7,Weekday
2025-01-05 23:00:00,R2,South,110,9.5,4.2,Weekend
2025-01-06 00:00:00,R2,South,187,6.5,3.1,Weekend
2025-01-06 01:00:00,R4,East,99,9.8,3.3,Weekend
2025-01-06 02:00:00,R5,Central,308,12.7,4.0,Weekend
2025-01-06 03:00:00,R3,Central,156,10.3,4.7,Weekday
2025-01-06 04:00:00,R1,South,162,9.0,4.5,Weekday
2025-01-06 05:00:00,R4,East,399,6.7,4.0,Weekend
2025-01-06 06:00:00,R5,East,303,6.7,4.3,Weekday
2025-01-06 07:00:00,R4,West,167,7.0,3.4,Weekend
2025-01-06 08:00:00,R5,Central,247,11.7,4.1,Weekend
2025-01-06 09:00:00,R5,North,386,5.0,3.7,Weekday
2025-01-06 10:00:00,R3,Central,414,12.0,3.0,Weekend
2025-01-06 11:00:00,R5,Central,100,17.1,4.3,Weekend
2025-01-06 12:00:00,R4,West,294,11.6,3.9,Weekday
2025-01-06 13:00:00,R5,North,452,8.2,3.4,Weekday
2025-01-06 14:00:00,R3,West,475,3.5,4.8,Weekend
2025-01-06 15:00:00,R3,North,84,17.9,2.6,Weekend
2025-01-06 16:00:00,R4,South,351,4.1,3.3,Weekday
2025-01-06 17:00:00,R2,North,459,14.2,2.6,Weekend
2025-01-06 18:00:00,R2,West,118,13.2,4.4,Weekend
2025-01-06 19:00:00,R5,Central,398,8.8,4.3,Weekday
2025-01-06 20:00:00,R1,North,369,8.7,3.3,Weekday
2025-01-06 21:00:00,R5,North,470,0.8,4.2,Weekday
2025-01-06 22:00:00,R4,East,98,11.7,3.5,Weekday
2025-01-06 23:00:00,R4,Central,454,13.1,4.4,Weekday
2025-01-07 00:00:00,R4,South,123,4.6,3.6,Weekday
2025-01-07 01:00:00,R4,West,241,9.2,3.5,Weekend
2025-01-07 02:00:00,R4,South,310,10.2,4.8,Weekend
2025-01-07 03:00:00,R3,Central,405,12.9,3.1,Weekday
2025-01-07 04:00:00,R2,North,119,10.0,2.8,Weekday
2025-01-07 05:00:00,R4,North,139,1.9,4.0,Weekend
2025-01-07 06:00:00,R1,Central,309,7.4,4.9,Weekend
2025-01-07 07:00:00,R1,North,175,11.1,3.4,Weekend
2025-01-07 08:00:00,R1,North,280,14.2,2.7,Weekday
2025-01-07 09:00:00,R1,North,344,6.9,3.3,Weekday
2025-01-07 10:00:00,R3,West,468,20.9,3.8,Weekend
2025-01-07 11:00:00,R1,West,178,0.5,2.9,Weekday
2025-01-07 12:00:00,R4,East,329,7.2,4.1,Weekday
2025-01-07 13:00:00,R5,South,362,9.6,5.0,Weekday
2025-01-07 14:00:00,R1,Central,149,9.0,3.6,Weekend
2025-01-07 15:00:00,R3,Central,375,3.8,3.4,Weekend
2025-01-07 16:00:00,R3,Central,346,12.2,3.5,Weekday
2025-01-07 17:00:00,R1,East,231,11.9,2.8,Weekday
2025-01-07 18:00:00,R5,West,223,10.2,4.7,Weekday
2025-01-07 19:00:00,R1,East,365,11.7,3.5,Weekday
2025-01-07 20:00:00,R3,Central,413,7.9,3.5,Weekday
2025-01-07 21:00:00,R2,South,237,1.9,4.1,Weekend
2025-01-07 22:00:00,R4,North,106,6.4,3.6,Weekday
2025-01-07 23:00:00,R3,West,80,10.8,4.1,Weekday
2025-01-08 00:00:00,R1,West,133,10.8,2.7,Weekday
2025-01-08 01:00:00,R4,East,201,10.2,4.5,Weekend
2025-01-08 02:00:00,R1,West,85,12.7,4.9,Weekend
2025-01-08 03:00:00,R1,Central,262,7.1,4.1,Weekday
2025-01-08 04:00:00,R2,Central,463,10.1,4.9,Weekend
2025-01-08 05:00:00,R4,East,457,12.9,2.9,Weekend
2025-01-08 06:00:00,R4,Central,413,9.6,3.7,Weekend
2025-01-08 07:00:00,R2,South,155,3.8,4.0,Weekend
2025-01-08 08:00:00,R3,East,463,5.2,4.0,Weekend
2025-01-08 09:00:00,R1,South,391,14.2,3.5,Weekend
2025-01-08 10:00:00,R5,North,269,17.0,3.3,Weekday
2025-01-08 11:00:00,R1,South,440,15.9,2.8,Weekend
2025-01-08 12:00:00,R1,North,212,11.2,3.5,Weekend
2025-01-08 13:00:00,R3,North,488,4.0,2.9,Weekday
2025-01-08 14:00:00,R1,South,269,10.0,4.3,Weekday
2025-01-08 15:00:00,R2,East,319,17.8,3.0,Weekday
2025-01-08 16:00:00,R2,Central,169,13.1,2.6,Weekday
2025-01-08 17:00:00,R4,Central,443,9.0,3.9,Weekend
2025-01-08 18:00:00,R5,North,385,13.1,4.0,Weekend
2025-01-08 19:00:00,R1,North,449,3.7,4.7,Weekend
2025-01-08 20:00:00,R1,East,231,6.5,3.9,Weekend
2025-01-08 21:00:00,R3,West,155,4.6,3.4,Weekday
2025-01-08 22:00:00,R2,South,266,12.3,4.5,Weekend
2025-01-08 23:00:00,R5,North,254,13.6,3.9,Weekend
2025-01-09 00:00:00,R4,Central,119,9.2,2.7,Weekday
2025-01-09 01:00:00,R2,East,93,5.6,3.9,Weekend
2025-01-09 02:00:00,R4,South,378,9.9,4.8,Weekend
2025-01-09 03:00:00,R3,East,350,7.6,3.5,Weekend
2025-01-09 04:00:00,R3,South,277,6.0,3.2,Weekend
2025-01-09 05:00:00,R1,South,233,11.7,2.9,Weekday
2025-01-09 06:00:00,R5,North,156,6.2,2.9,Weekday
2025-01-09 07:00:00,R4,East,133,2.2,3.6,Weekday
2025-01-09 08:00:00,R2,East,387,3.3,4.0,Weekday
2025-01-09 09:00:00,R3,Central,299,2.0,2.7,Weekday
2025-01-09 10:00:00,R1,Central,412,11.2,4.8,Weekend
2025-01-09 11:00:00,R1,North,490,10.8,4.4,Weekend
2025-01-09 12:00:00,R4,North,70,10.5,4.0,Weekday
2025-01-09 13:00:00,R3,West,245,12.9,4.6,Weekday
2025-01-09 14:00:00,R5,Central,227,16.0,2.7,Weekday
2025-01-09 15:00:00,R3,South,466,7.0,3.7,Weekend
2025-01-09 16:00:00,R4,East,56,12.0,4.1,Weekday
2025-01-09 17:00:00,R4,North,119,2.1,4.6,Weekend
2025-01-09 18:00:00,R3,East,176,16.9,4.5,Weekend
2025-01-09 19:00:00,R4,East,448,3.8,3.2,Weekend
2025-01-09 20:00:00,R3,West,209,6.4,4.9,Weekend
2025-01-09 21:00:00,R2,Central,297,7.0,2.8,Weekday
2025-01-09 22:00:00,R3,North,252,2.4,4.7,Weekend
2025-01-09 23:00:00,R3,East,197,10.2,4.9,Weekend
2025-01-10 00:00:00,R4,North,192,11.1,2.9,Weekday
2025-01-10 01:00:00,R4,South,481,9.1,4.3,Weekend
2025-01-10 02:00:00,R1,West,248,2.3,2.6,Weekend
2025-01-10 03:00:00,R1,South,454,19.9,3.5,Weekend
2025-01-10 04:00:00,R2,North,475,12.7,3.8,Weekday
2025-01-10 05:00:00,R1,North,203,23.2,4.0,Weekend
2025-01-10 06:00:00,R3,Central,425,6.0,4.8,Weekend
2025-01-10 07:00:00,R4,East,433,14.8,4.2,Weekday
2025-01-10 08:00:00,R1,East,191,13.9,3.7,Weekday
2025-01-10 09:00:00,R1,South,362,8.5,4.5,Weekend
2025-01-10 10:00:00,R2,West,214,17.1,4.9,Weekend
2025-01-10 11:00:00,R2,East,363,8.0,2.6,Weekday
2025-01-10 12:00:00,R3,Central,70,8.2,5.0,Weekend
2025-01-10 13:00:00,R4,South,131,7.4,2.7,Weekday
2025-01-10 14:00:00,R2,South,118,12.0,4.5,Weekend
2025-01-10 15:00:00,R1,Central,180,3.4,3.2,Weekday
2025-01-10 16:00:00,R4,West,136,7.2,2.8,Weekend
2025-01-10 17:00:00,R4,Central,267,4.9,3.6,Weekday
2025-01-10 18:00:00,R1,West,470,8.2,4.1,Weekday
2025-01-10 19:00:00,R2,Central,354,12.2,3.5,Weekday
2025-01-10 20:00:00,R1,Central,452,10.1,2.6,Weekday
2025-01-10 21:00:00,R4,North,420,13.5,4.0,Weekday
2025-01-10 22:00:00,R5,South,394,16.3,4.8,Weekend
2025-01-10 23:00:00,R5,Central,390,8.2,3.5,Weekend
2025-01-11 00:00:00,R3,Central,433,7.6,3.0,Weekday
2025-01-11 01:00:00,R1,East,445,14.8,3.6,Weekend
2025-01-11 02:00:00,R1,South,494,15.2,2.6,Weekend
2025-01-11 03:00:00,R3,East,474,13.7,4.6,Weekend
2025-01-11 04:00:00,R3,South,210,5.2,4.6,Weekend
2025-01-11 05:00:00,R3,East,227,12.1,4.0,Weekend
2025-01-11 06:00:00,R4,Central,166,10.5,3.4,Weekend
2025-01-11 07:00:00,R1,Central,245,15.3,4.5,Weekday
2025-01-11 08:00:00,R4,North,432,7.1,3.9,Weekend
2025-01-11 09:00:00,R3,East,376,1.7,4.6,Weekend
2025-01-11 10:00:00,R1,West,135,13.5,4.1,Weekend
2025-01-11 11:00:00,R4,North,338,2.8,4.5,Weekday
2025-01-11 12:00:00,R4,East,130,6.3,4.0,Weekend
2025-01-11 13:00:00,R3,East,201,4.9,3.5,Weekend
2025-01-11 14:00:00,R1,North,110,4.9,4.9,Weekend
2025-01-11 15:00:00,R3,Central,110,6.3,3.9,Weekday
2025-01-11 16:00:00,R1,East,403,16.1,4.0,Weekend
2025-01-11 17:00:00,R5,Central,77,14.1,3.1,Weekday
2025-01-11 18:00:00,R2,North,491,8.7,4.1,Weekend
2025-01-11 19:00:00,R2,Central,92,15.7,3.9,Weekday
2025-01-11 20:00:00,R2,South,218,4.7,3.0,Weekday
2025-01-11 21:00:00,R3,West,472,4.0,2.6,Weekday
2025-01-11 22:00:00,R5,East,135,14.3,4.0,Weekend
2025-01-11 23:00:00,R1,West,226,12.9,4.4,Weekday
2025-01-12 00:00:00,R4,Central,66,7.7,3.8,Weekday
2025-01-12 01:00:00,R1,East,147,4.3,3.1,Weekday
2025-01-12 02:00:00,R4,Central,247,17.3,4.2,Weekday
2025-01-12 03:00:00,R1,South,147,1.4,2.7,Weekend
2025-01-12 04:00:00,R5,North,114,7.0,3.6,Weekend
2025-01-12 05:00:00,R4,East,379,11.1,2.9,Weekend
2025-01-12 06:00:00,R3,South,390,19.0,3.0,Weekend
2025-01-12 07:00:00,R1,South,54,11.9,3.0,Weekday
2025-01-12 08:00:00,R1,East,51,12.4,3.5,Weekend
2025-01-12 09:00:00,R4,Central,71,7.2,2.6,Weekday
2025-01-12 10:00:00,R3,South,161,12.8,3.5,Weekend
2025-01-12 11:00:00,R3,West,106,10.5,3.8,Weekend
2025-01-12 12:00:00,R5,South,115,2.1,3.7,Weekend
2025-01-12 13:00:00,R3,Central,379,14.0,3.5,Weekday
2025-01-12 14:00:00,R3,Central,147,14.9,4.6,Weekend
2025-01-12 15:00:00,R3,West,193,14.0,2.9,Weekend
2025-01-12 16:00:00,R2,South,417,10.2,3.8,Weekend
2025-01-12 17:00:00,R5,Central,484,5.2,2.7,Weekday
2025-01-12 18:00:00,R1,East,174,1.5,2.7,Weekend
2025-01-12 19:00:00,R4,North,216,10.8,3.9,Weekend
2025-01-12 20:00:00,R1,North,135,15.4,3.9,Weekday
2025-01-12 21:00:00,R5,North,125,15.0,4.7,Weekday
2025-01-12 22:00:00,R4,South,393,14.1,3.9,Weekend
2025-01-12 23:00:00,R5,West,473,9.6,4.9,Weekend
2025-01-13 00:00:00,R3,Central,343,15.4,2.6,Weekend
2025-01-13 01:00:00,R4,East,493,14.6,2.7,Weekday
2025-01-13 02:00:00,R3,East,108,7.9,2.6,Weekday
2025-01-13 03:00:00,R1,South,187,13.4,3.0,Weekday
2025-01-13 04:00:00,R1,North,148,7.3,3.9,Weekend
2025-01-13 05:00:00,R4,South,241,12.7,4.1,Weekday
2025-01-13 06:00:00,R4,West,292,3.5,2.6,Weekend
2025-01-13 07:00:00,R5,West,368,3.9,4.9,Weekday
2025-01-13 08:00:00,R5,Central,98,15.3,4.6,Weekday
2025-01-13 09:00:00,R3,Central,497,14.7,3.2,Weekday
2025-01-13 10:00:00,R4,West,81,13.2,2.7,Weekend
2025-01-13 11:00:00,R1,West,440,10.4,2.9,Weekend
2025-01-13 12:00:00,R5,West,326,2.0,2.8,Weekend
2025-01-13 13:00:00,R5,South,69,9.6,2.8,Weekend
2025-01-13 14:00:00,R1,West,203,12.3,3.8,Weekday
2025-01-13 15:00:00,R5,East,432,7.3,3.1,Weekend
2025-01-13 16:00:00,R3,North,117,6.4,3.4,Weekday
2025-01-13 17:00:00,R4,West,415,17.2,5.0,Weekend
2025-01-13 18:00:00,R1,North,421,9.7,4.2,Weekend
2025-01-13 19:00:00,R4,South,263,12.3,4.9,Weekday
2025-01-13 20:00:00,R5,North,192,13.9,2.9,Weekday
2025-01-13 21:00:00,R5,South,425,5.0,3.5,Weekend
2025-01-13 22:00:00,R1,East,281,11.0,3.9,Weekend
2025-01-13 23:00:00,R3,South,262,16.6,2.7,Weekday
2025-01-14 00:00:00,R2,South,128,19.1,2.5,Weekday
2025-01-14 01:00:00,R1,Central,263,10.2,4.2,Weekday
2025-01-14 02:00:00,R2,West,165,8.8,4.1,Weekday
2025-01-14 03:00:00,R2,West,141,11.3,3.5,Weekday
2025-01-14 04:00:00,R3,East,319,11.2,3.7,Weekend
2025-01-14 05:00:00,R2,East,460,16.9,3.5,Weekend
2025-01-14 06:00:00,R2,West,430,5.0,2.6,Weekend
2025-01-14 07:00:00,R3,Central,217,8.6,3.3,Weekend
2025-01-14 08:00:00,R2,West,107,4.4,2.9,Weekday
2025-01-14 09:00:00,R2,Central,333,4.9,2.7,Weekday
2025-01-14 10:00:00,R2,East,75,11.9,4.9,Weekday
2025-01-14 11:00:00,R1,North,418,14.0,4.0,Weekend
2025-01-14 12:00:00,R1,East,496,6.8,4.3,Weekday
2025-01-14 13:00:00,R1,East,115,13.9,3.3,Weekday
2025-01-14 14:00:00,R3,South,458,15.6,3.5,Weekend
2025-01-14 15:00:00,R5,South,297,19.7,3.1,Weekend
2025-01-14 16:00:00,R2,South,303,10.3,2.7,Weekend
2025-01-14 17:00:00,R2,South,436,6.8,2.9,Weekday
2025-01-14 18:00:00,R3,Central,93,5.0,4.5,Weekday
2025-01-14 19:00:00,R2,West,146,4.5,4.2,Weekend
2025-01-14 20:00:00,R1,North,91,16.2,3.9,Weekend
2025-01-14 21:00:00,R5,East,276,2.4,3.7,Weekday
2025-01-14 22:00:00,R4,Central,311,16.1,4.8,Weekend
2025-01-14 23:00:00,R2,North,216,5.7,2.7,Weekday
2025-01-15 00:00:00,R1,Central,485,6.6,3.2,Weekend
2025-01-15 01:00:00,R4,Central,328,9.2,3.4,Weekend
2025-01-15 02:00:00,R5,East,138,6.5,4.5,Weekend
2025-01-15 03:00:00,R4,West,428,14.7,5.0,Weekday
2025-01-15 04:00:00,R1,South,227,19.1,3.1,Weekday
2025-01-15 05:00:00,R4,West,476,6.7,4.7,Weekend
2025-01-15 06:00:00,R3,East,452,7.8,4.6,Weekday
2025-01-15 07:00:00,R4,East,246,9.2,3.1,Weekend
2025-01-15 08:00:00,R2,East,356,12.7,3.5,Weekend
2025-01-15 09:00:00,R2,North,316,9.2,3.5,Weekday
2025-01-15 10:00:00,R3,West,317,16.9,4.9,Weekday
2025-01-15 11:00:00,R1,West,123,15.7,3.0,Weekday
2025-01-15 12:00:00,R2,Central,57,4.1,4.5,Weekday
2025-01-15 13:00:00,R5,Central,457,12.6,3.3,Weekend
2025-01-15 14:00:00,R2,Central,346,17.6,4.3,Weekday
2025-01-15 15:00:00,R2,East,213,7.5,3.6,Weekday
2025-01-15 16:00:00,R1,West,134,8.5,3.9,Weekend
2025-01-15 17:00:00,R4,East,121,7.4,4.6,Weekend
2025-01-15 18:00:00,R2,North,104,7.5,4.5,Weekend
2025-01-15 19:00:00,R3,Central,442,1.7,4.7,Weekend
2025-01-15 20:00:00,R4,East,96,3.4,2.6,Weekday
2025-01-15 21:00:00,R5,East,448,10.4,4.2,Weekday
2025-01-15 22:00:00,R1,North,481,17.6,2.8,Weekend
2025-01-15 23:00:00,R5,South,287,6.9,3.5,Weekend
2025-01-16 00:00:00,R4,West,153,6.8,3.9,Weekday
2025-01-16 01:00:00,R4,South,259,18.5,3.5,Weekday
2025-01-16 02:00:00,R4,Central,91,4.5,3.8,Weekday
2025-01-16 03:00:00,R5,East,365,1.7,5.0,Weekday
2025-01-16 04:00:00,R4,North,317,5.9,2.8,Weekday
2025-01-16 05:00:00,R5,North,435,6.7,4.2,Weekend
2025-01-16 06:00:00,R4,West,312,1.3,3.5,Weekend
2025-01-16 07:00:00,R3,South,385,9.4,2.8,Weekend
2025-01-16 08:00:00,R4,West,436,14.7,2.9,Weekend
2025-01-16 09:00:00,R5,East,414,3.6,4.9,Weekday
2025-01-16 10:00:00,R2,West,308,10.4,4.7,Weekend
2025-01-16 11:00:00,R4,North,332,12.0,4.8,Weekday
2025-01-16 12:00:00,R2,North,163,9.6,5.0,Weekday
2025-01-16 13:00:00,R3,Central,412,10.9,3.0,Weekday
2025-01-16 14:00:00,R1,Central,89,11.0,3.4,Weekday
2025-01-16 15:00:00,R3,East,466,5.9,4.2,Weekday
2025-01-16 16:00:00,R4,South,269,17.5,3.7,Weekday
2025-01-16 17:00:00,R2,West,178,16.2,3.5,Weekday
2025-01-16 18:00:00,R2,East,57,15.9,3.4,Weekend
2025-01-16 19:00:00,R5,Central,150,15.1,4.0,Weekday
2025-01-16 20:00:00,R2,West,465,2.1,3.9,Weekend
2025-01-16 21:00:00,R5,Central,429,14.6,2.9,Weekend
2025-01-16 22:00:00,R1,West,225,13.3,3.7,Weekday
2025-01-16 23:00:00,R4,South,156,2.3,3.9,Weekday
2025-01-17 00:00:00,R5,East,150,8.9,3.9,Weekend
2025-01-17 01:00:00,R1,West,309,11.4,3.0,Weekend
2025-01-17 02:00:00,R2,North,415,18.3,4.4,Weekend
2025-01-17 03:00:00,R2,North,295,13.6,2.6,Weekend
2025-01-17 04:00:00,R1,West,324,5.7,3.4,Weekday
2025-01-17 05:00:00,R2,West,81,18.5,4.5,Weekday
2025-01-17 06:00:00,R1,West,186,10.2,3.9,Weekday
2025-01-17 07:00:00,R5,North,61,8.7,3.2,Weekend
2025-01-17 08:00:00,R5,North,444,8.4,4.2,Weekday
2025-01-17 09:00:00,R1,West,351,1.9,3.9,Weekend
2025-01-17 10:00:00,R5,Central,424,9.5,4.5,Weekday
2025-01-17 11:00:00,R5,Central,65,12.5,4.3,Weekend
2025-01-17 12:00:00,R5,South,178,8.1,4.0,Weekday
2025-01-17 13:00:00,R3,East,112,12.1,3.7,Weekday
2025-01-17 14:00:00,R4,Central,158,5.7,2.8,Weekend
2025-01-17 15:00:00,R2,North,424,9.3,3.2,Weekend
2025-01-17 16:00:00,R3,Central,70,11.6,3.5,Weekend
2025-01-17 17:00:00,R5,South,207,10.9,4.0,Weekend
2025-01-17 18:00:00,R1,South,318,2.0,3.8,Weekend
2025-01-17 19:00:00,R5,East,211,7.8,3.2,Weekday
2025-01-17 20:00:00,R4,Central,309,18.4,2.5,Weekend
2025-01-17 21:00:00,R5,North,461,7.5,3.7,Weekday
2025-01-17 22:00:00,R1,North,151,10.1,3.2,Weekday
2025-01-17 23:00:00,R4,West,272,9.6,4.3,Weekday
2025-01-18 00:00:00,R5,North,108,17.8,2.6,Weekday
2025-01-18 01:00:00,R4,East,296,16.5,4.0,Weekday
2025-01-18 02:00:00,R2,East,177,14.0,4.9,Weekend
2025-01-18 03:00:00,R2,North,332,5.1,2.9,Weekend
2025-01-18 04:00:00,R5,North,374,11.8,3.7,Weekday
2025-01-18 05:00:00,R4,West,74,12.8,2.7,Weekday
2025-01-18 06:00:00,R1,North,180,6.5,4.1,Weekend
2025-01-18 07:00:00,R5,West,402,5.6,3.9,Weekend
2025-01-18 08:00:00,R2,West,245,18.5,3.5,Weekday
2025-01-18 09:00:00,R2,North,330,8.5,3.8,Weekend
2025-01-18 10:00:00,R5,South,453,18.1,4.7,Weekend
2025-01-18 11:00:00,R4,South,467,15.0,3.0,Weekend
2025-01-18 12:00:00,R2,West,203,12.0,2.6,Weekday
2025-01-18 13:00:00,R4,North,431,12.3,4.7,Weekend
2025-01-18 14:00:00,R2,South,182,3.0,3.9,Weekday
2025-01-18 15:00:00,R2,North,276,11.0,4.7,Weekday
2025-01-18 16:00:00,R3,North,238,17.1,4.0,Weekday
2025-01-18 17:00:00,R2,North,314,13.4,4.5,Weekday
2025-01-18 18:00:00,R1,Central,421,10.8,3.6,Weekday
2025-01-18 19:00:00,R5,North,483,18.6,4.4,Weekend
2025-01-18 20:00:00,R5,Central,183,9.1,4.8,Weekday
2025-01-18 21:00:00,R4,West,260,6.9,3.9,Weekday
2025-01-18 22:00:00,R2,South,109,10.8,3.0,Weekday
2025-01-18 23:00:00,R1,South,477,13.8,3.2,Weekend
2025-01-19 00:00:00,R4,South,426,1.4,3.0,Weekend
2025-01-19 01:00:00,R3,South,444,11.4,3.1,Weekend
2025-01-19 02:00:00,R4,South,499,14.1,3.3,Weekend
2025-01-19 03:00:00,R4,South,480,8.7,3.9,Weekend
2025-01-19 04:00:00,R2,South,413,15.5,4.0,Weekend
2025-01-19 05:00:00,R3,West,413,13.2,3.6,Weekend
2025-01-19 06:00:00,R4,North,262,20.7,4.0,Weekday
2025-01-19 07:00:00,R1,East,265,6.2,2.7,Weekday
2025-01-19 08:00:00,R1,Central,275,14.2,2.7,Weekend
2025-01-19 09:00:00,R5,East,180,4.9,2.9,Weekday
2025-01-19 10:00:00,R3,East,125,1.9,3.8,Weekday
2025-01-19 11:00:00,R3,North,335,0.2,3.0,Weekend
2025-01-19 12:00:00,R5,North,326,12.7,3.2,Weekday
2025-01-19 13:00:00,R4,North,205,10.9,3.5,Weekday
2025-01-19 14:00:00,R3,South,297,7.6,4.5,Weekend
2025-01-19 15:00:00,R1,West,267,1.1,2.5,Weekday
2025-01-19 16:00:00,R1,South,239,6.5,4.1,Weekend
2025-01-19 17:00:00,R2,West,466,10.0,4.2,Weekend
2025-01-19 18:00:00,R3,West,212,14.0,4.5,Weekday
2025-01-19 19:00:00,R4,East,229,9.9,4.8,Weekday
2025-01-19 20:00:00,R5,East,83,11.3,2.6,Weekday
2025-01-19 21:00:00,R5,West,90,8.1,2.9,Weekend
2025-01-19 22:00:00,R4,West,356,18.7,4.7,Weekend
2025-01-19 23:00:00,R2,South,480,4.9,3.6,Weekend
2025-01-20 00:00:00,R5,South,387,6.5,3.9,Weekday
2025-01-20 01:00:00,R3,East,363,7.5,4.2,Weekday
2025-01-20 02:00:00,R2,North,124,12.7,4.2,Weekend
2025-01-20 03:00:00,R3,West,490,4.8,4.8,Weekday
2025-01-20 04:00:00,R1,South,328,10.7,5.0,Weekday
2025-01-20 05:00:00,R2,East,225,10.8,4.3,Weekend
2025-01-20 06:00:00,R5,South,433,6.5,3.2,Weekend
2025-01-20 07:00:00,R2,West,199,11.6,4.7,Weekday
2025-01-20 08:00:00,R2,West,322,5.0,2.6,Weekend
2025-01-20 09:00:00,R2,Central,374,4.4,3.1,Weekday
2025-01-20 10:00:00,R2,North,157,10.5,4.7,Weekend
2025-01-20 11:00:00,R3,Central,188,1.7,3.1,Weekend
2025-01-20 12:00:00,R1,East,399,0.7,3.1,Weekend
2025-01-20 13:00:00,R4,South,320,12.7,2.8,Weekday
2025-01-20 14:00:00,R2,East,396,15.2,4.6,Weekday
2025-01-20 15:00:00,R5,West,468,7.7,3.8,Weekend
2025-01-20 16:00:00,R2,Central,338,6.7,4.2,Weekend
2025-01-20 17:00:00,R5,Central,261,15.0,3.1,Weekend
2025-01-20 18:00:00,R3,Central,430,4.3,4.4,Weekday
2025-01-20 19:00:00,R5,East,321,3.2,4.4,Weekend
2025-01-20 20:00:00,R4,West,467,13.5,3.3,Weekend
2025-01-20 21:00:00,R1,South,115,10.0,3.5,Weekend
2025-01-20 22:00:00,R5,South,473,15.3,3.0,Weekend
2025-01-20 23:00:00,R5,East,297,0.7,4.9,Weekday
2025-01-21 00:00:00,R1,Central,205,3.0,4.1,Weekday
2025-01-21 01:00:00,R4,North,96,10.1,4.8,Weekend
2025-01-21 02:00:00,R2,East,472,12.1,3.3,Weekday
2025-01-21 03:00:00,R5,East,250,14.2,4.5,Weekday
2025-01-21 04:00:00,R1,West,197,10.9,4.4,Weekday
2025-01-21 05:00:00,R3,South,173,10.8,4.2,Weekend
2025-01-21 06:00:00,R1,East,50,8.1,4.9,Weekday
2025-01-21 07:00:00,R3,East,296,18.0,3.5,Weekday
2025-01-21 08:00:00,R4,Central,392,4.5,2.8,Weekday
2025-01-21 09:00:00,R2,Central,177,11.8,4.2,Weekend
2025-01-21 10:00:00,R1,North,240,5.1,4.3,Weekend
2025-01-21 11:00:00,R5,West,116,12.7,3.9,Weekday
2025-01-21 12:00:00,R4,North,53,4.8,3.0,Weekday
2025-01-21 13:00:00,R1,Central,491,13.7,3.8,Weekend
2025-01-21 14:00:00,R5,South,458,10.6,3.3,Weekend
2025-01-21 15:00:00,R1,Central,352,18.7,3.6,Weekday
2025-01-21 16:00:00,R3,West,343,8.6,4.1,Weekday
2025-01-21 17:00:00,R1,Central,192,12.1,4.4,Weekend
2025-01-21 18:00:00,R1,West,240,6.1,3.1,Weekend
2025-01-21 19:00:00,R1,West,70,8.6,3.5,Weekday
2025-01-21 20:00:00,R4,West,276,10.5,3.2,Weekend
2025-01-21 21:00:00,R1,West,362,2.4,3.0,Weekday
2025-01-21 22:00:00,R5,West,166,2.9,4.5,Weekday
2025-01-21 23:00:00,R3,South,486,13.0,4.8,Weekday
2025-01-22 00:00:00,R3,North,351,9.3,3.4,Weekend
2025-01-22 01:00:00,R1,East,191,7.0,4.4,Weekday
2025-01-22 02:00:00,R4,North,450,6.3,4.7,Weekday
2025-01-22 03:00:00,R4,West,88,6.5,4.6,Weekend
2025-01-22 04:00:00,R5,South,442,10.6,3.0,Weekend
2025-01-22 05:00:00,R1,Central,404,12.2,4.9,Weekday
2025-01-22 06:00:00,R3,South,301,0.5,3.4,Weekday
2025-01-22 07:00:00,R4,West,382,17.1,3.3,Weekend
2025-01-22 08:00:00,R1,South,256,16.7,2.7,Weekend
2025-01-22 09:00:00,R4,South,259,1.7,3.7,Weekend
2025-01-22 10:00:00,R4,West,164,15.4,2.8,Weekday
2025-01-22 11:00:00,R3,South,274,15.3,3.1,Weekday
2025-01-22 12:00:00,R2,East,183,10.0,3.3,Weekday
2025-01-22 13:00:00,R5,East,300,3.5,4.5,Weekend
2025-01-22 14:00:00,R5,South,268,15.1,4.7,Weekday
2025-01-22 15:00:00,R3,Central,456,8.8,3.3,Weekend
2025-01-22 16:00:00,R4,West,492,12.7,4.6,Weekday
2025-01-22 17:00:00,R1,East,140,21.1,4.6,Weekend
2025-01-22 18:00:00,R4,Central,403,11.3,4.4,Weekday
2025-01-22 19:00:00,R3,South,425,5.4,2.9,Weekday
2025-01-22 20:00:00,R5,Central,95,8.3,4.2,Weekend
2025-01-22 21:00:00,R4,North,87,6.1,4.9,Weekend
2025-01-22 22:00:00,R5,East,191,12.2,4.2,Weekday
2025-01-22 23:00:00,R1,South,149,6.0,3.3,Weekend
2025-01-23 00:00:00,R5,West,377,7.6,3.8,Weekend
2025-01-23 01:00:00,R5,South,239,3.6,4.1,Weekday
2025-01-23 02:00:00,R2,West,84,9.3,3.8,Weekend
2025-01-23 03:00:00,R2,South,196,10.9,2.8,Weekday
2025-01-23 04:00:00,R2,Central,79,3.4,3.3,Weekday
2025-01-23 05:00:00,R5,Central,383,11.3,4.5,Weekend
2025-01-23 06:00:00,R3,Central,133,9.8,4.7,Weekend
2025-01-23 07:00:00,R5,North,418,6.2,2.8,Weekday
2025-01-23 08:00:00,R3,West,330,20.1,4.9,Weekday
2025-01-23 09:00:00,R3,Central,473,14.8,3.3,Weekday
2025-01-23 10:00:00,R2,North,393,4.5,4.2,Weekday
2025-01-23 11:00:00,R4,West,319,14.2,4.4,Weekday
2025-01-23 12:00:00,R1,South,203,16.2,4.5,Weekday
2025-01-23 13:00:00,R2,North,151,10.7,4.9,Weekend
2025-01-23 14:00:00,R2,East,264,11.8,3.3,Weekend
2025-01-23 15:00:00,R4,North,199,11.7,4.6,Weekend
2025-01-23 16:00:00,R1,North,481,0.4,2.8,Weekday
2025-01-23 17:00:00,R5,West,132,9.1,4.3,Weekend
2025-01-23 18:00:00,R5,South,159,8.8,4.4,Weekday
2025-01-23 19:00:00,R2,East,484,17.2,4.2,Weekday
2025-01-23 20:00:00,R1,Central,436,11.7,3.1,Weekend
2025-01-23 21:00:00,R2,Central,475,8.5,4.7,Weekday
2025-01-23 22:00:00,R3,North,324,9.5,2.9,Weekday
2025-01-23 23:00:00,R2,West,250,15.1,2.6,Weekday
2025-01-24 00:00:00,R2,West,333,9.1,4.3,Weekday
2025-01-24 01:00:00,R5,Central,222,6.5,3.7,Weekday
2025-01-24 02:00:00,R5,East,376,8.6,4.6,Weekday
2025-01-24 03:00:00,R5,South,255,14.7,3.5,Weekend
2025-01-24 04:00:00,R3,East,112,12.5,2.9,Weekday
2025-01-24 05:00:00,R5,South,122,10.2,4.6,Weekday
2025-01-24 06:00:00,R1,Central,300,11.0,3.9,Weekday
2025-01-24 07:00:00,R4,South,173,7.2,3.0,Weekday
2025-01-24 08:00:00,R1,West,424,9.0,4.3,Weekend
2025-01-24 09:00:00,R1,North,170,6.7,3.8,Weekend
2025-01-24 10:00:00,R5,North,324,8.5,4.0,Weekday
2025-01-24 11:00:00,R4,Central,480,16.7,3.7,Weekday
2025-01-24 12:00:00,R4,West,447,4.6,4.6,Weekday
2025-01-24 13:00:00,R4,East,169,6.6,4.6,Weekend
2025-01-24 14:00:00,R3,West,471,3.7,4.3,Weekend
2025-01-24 15:00:00,R5,North,486,2.6,2.8,Weekend
2025-01-24 16:00:00,R4,North,366,9.1,4.6,Weekend
2025-01-24 17:00:00,R3,West,213,6.9,4.2,Weekday
2025-01-24 18:00:00,R2,West,473,18.8,4.2,Weekend
2025-01-24 19:00:00,R2,North,335,8.6,3.4,Weekend
2025-01-24 20:00:00,R3,East,314,16.4,4.7,Weekday
2025-01-24 21:00:00,R3,Central,369,14.8,4.3,Weekday
2025-01-24 22:00:00,R5,Central,210,9.0,2.8,Weekend
2025-01-24 23:00:00,R5,West,425,20.6,3.5,Weekend
2025-01-25 00:00:00,R2,Central,357,11.3,4.7,Weekend
2025-01-25 01:00:00,R4,North,138,17.6,2.6,Weekend
2025-01-25 02:00:00,R2,North,191,17.0,4.9,Weekday
2025-01-25 03:00:00,R4,West,252,12.1,4.2,Weekday
2025-01-25 04:00:00,R4,West,358,13.8,4.1,Weekend
2025-01-25 05:00:00,R5,West,276,13.1,3.2,Weekend
2025-01-25 06:00:00,R1,East,492,4.3,3.1,Weekend
2025-01-25 07:00:00,R1,Central,383,10.3,4.9,Weekend
2025-01-25 08:00:00,R3,West,271,15.4,3.2,Weekend
2025-01-25 09:00:00,R5,South,90,17.6,4.4,Weekday
2025-01-25 10:00:00,R4,South,245,6.4,3.5,Weekday
2025-01-25 11:00:00,R1,North,117,12.6,2.8,Weekday
2025-01-25 12:00:00,R4,Central,313,10.8,2.5,Weekend
2025-01-25 13:00:00,R1,West,51,9.4,3.9,Weekend
2025-01-25 14:00:00,R1,South,410,11.8,4.9,Weekday
2025-01-25 15:00:00,R1,Central,174,11.1,3.4,Weekday
2025-01-25 16:00:00,R5,North,159,12.7,3.4,Weekend
2025-01-25 17:00:00,R2,East,135,17.2,3.4,Weekday
2025-01-25 18:00:00,R4,Central,474,13.9,3.8,Weekend
2025-01-25 19:00:00,R5,Central,169,11.6,3.6,Weekend
2025-01-25 20:00:00,R5,East,176,19.3,4.7,Weekday
2025-01-25 21:00:00,R5,Central,304,15.5,3.8,Weekday
2025-01-25 22:00:00,R5,North,232,9.5,3.8,Weekday
2025-01-25 23:00:00,R5,North,65,3.9,2.8,Weekend
2025-01-26 00:00:00,R3,East,111,5.1,5.0,Weekend
2025-01-26 01:00:00,R4,West,418,14.7,3.1,Weekday
2025-01-26 02:00:00,R5,South,481,6.8,2.7,Weekend
2025-01-26 03:00:00,R4,West,207,5.0,4.2,Weekend
2025-01-26 04:00:00,R3,Central,317,6.2,4.0,Weekend
2025-01-26 05:00:00,R3,South,84,6.6,3.5,Weekday
2025-01-26 06:00:00,R4,East,316,14.3,3.6,Weekend
2025-01-26 07:00:00,R1,East,113,9.2,4.5,Weekday
2025-01-26 08:00:00,R2,South,99,3.1,3.0,Weekday
2025-01-26 09:00:00,R1,North,304,10.2,4.6,Weekend
2025-01-26 10:00:00,R1,South,198,11.1,4.1,Weekday
2025-01-26 11:00:00,R1,Central,374,7.6,3.5,Weekend
2025-01-26 12:00:00,R5,North,353,15.8,3.6,Weekday
2025-01-26 13:00:00,R3,East,325,7.9,3.1,Weekday
2025-01-26 14:00:00,R1,South,406,15.5,4.4,Weekend
2025-01-26 15:00:00,R3,West,221,13.0,3.8,Weekday
2025-01-26 16:00:00,R4,West,466,14.6,3.3,Weekday
2025-01-26 17:00:00,R2,Central,250,4.5,4.0,Weekday
2025-01-26 18:00:00,R4,West,494,10.5,5.0,Weekend
2025-01-26 19:00:00,R4,South,442,9.7,3.6,Weekend
2025-01-26 20:00:00,R5,South,373,2.9,4.8,Weekday
2025-01-26 21:00:00,R2,West,84,15.5,3.4,Weekday
2025-01-26 22:00:00,R4,South,265,5.9,2.6,Weekday
2025-01-26 23:00:00,R4,Central,114,7.0,3.0,Weekend
2025-01-27 00:00:00,R2,North,57,4.9,3.5,Weekend
2025-01-27 01:00:00,R2,Central,350,13.5,3.0,Weekday
2025-01-27 02:00:00,R4,Central,392,2.4,2.5,Weekend
2025-01-27 03:00:00,R2,South,480,13.1,4.8,Weekend
2025-01-27 04:00:00,R4,North,473,15.2,4.6,Weekend
2025-01-27 05:00:00,R4,South,381,12.7,4.4,Weekend
2025-01-27 06:00:00,R5,East,487,13.6,2.9,Weekday
2025-01-27 07:00:00,R1,South,125,13.8,2.8,Weekend
2025-01-27 08:00:00,R4,South,223,5.3,2.7,Weekend
2025-01-27 09:00:00,R3,South,96,17.2,4.3,Weekday
2025-01-27 10:00:00,R1,North,64,7.7,4.8,Weekday
2025-01-27 11:00:00,R1,South,410,9.7,3.6,Weekend
2025-01-27 12:00:00,R1,North,196,8.3,2.8,Weekend
2025-01-27 13:00:00,R5,West,75,12.5,3.8,Weekday
2025-01-27 14:00:00,R4,East,357,7.3,3.4,Weekday
2025-01-27 15:00:00,R5,North,142,10.3,3.4,Weekday
2025-01-27 16:00:00,R4,West,455,3.8,4.1,Weekend
2025-01-27 17:00:00,R5,North,281,15.8,4.3,Weekend
2025-01-27 18:00:00,R5,North,70,13.4,2.8,Weekday
2025-01-27 19:00:00,R3,East,356,8.5,2.6,Weekend
2025-01-27 20:00:00,R5,Central,87,7.7,5.0,Weekday
2025-01-27 21:00:00,R2,Central,325,13.2,3.1,Weekend
2025-01-27 22:00:00,R3,North,206,6.5,2.6,Weekday
2025-01-27 23:00:00,R5,South,228,10.6,3.0,Weekday
2025-01-28 00:00:00,R1,West,181,15.8,2.6,Weekend
2025-01-28 01:00:00,R2,South,360,5.9,3.5,Weekend
2025-01-28 02:00:00,R2,South,397,11.8,4.5,Weekend
2025-01-28 03:00:00,R2,North,77,11.6,3.4,Weekend
2025-01-28 04:00:00,R3,North,309,9.5,3.6,Weekend
2025-01-28 05:00:00,R5,North,455,7.5,4.2,Weekend
2025-01-28 06:00:00,R5,North,125,16.1,3.8,Weekday
2025-01-28 07:00:00,R1,Central,478,7.0,4.7,Weekend
2025-01-28 08:00:00,R1,North,116,0.9,4.7,Weekday
2025-01-28 09:00:00,R2,Central,391,13.2,2.5,Weekday
2025-01-28 10:00:00,R1,Central,243,4.0,4.4,Weekend
2025-01-28 11:00:00,R3,North,211,13.5,3.7,Weekday
2025-01-28 12:00:00,R5,East,396,16.7,5.0,Weekday
2025-01-28 13:00:00,R2,West,488,13.1,3.7,Weekend
2025-01-28 14:00:00,R1,South,410,15.4,5.0,Weekend
2025-01-28 15:00:00,R3,Central,306,20.1,4.4,Weekend
2025-01-28 16:00:00,R3,West,121,14.8,3.1,Weekday
2025-01-28 17:00:00,R1,East,136,11.7,3.8,Weekend
2025-01-28 18:00:00,R5,South,471,18.2,5.0,Weekend
2025-01-28 19:00:00,R1,South,311,18.8,4.6,Weekend
2025-01-28 20:00:00,R2,Central,263,18.8,2.7,Weekend
2025-01-28 21:00:00,R1,North,202,7.5,4.3,Weekday
2025-01-28 22:00:00,R3,East,259,3.2,3.4,Weekend
2025-01-28 23:00:00,R1,Central,450,7.2,2.5,Weekday
2025-01-29 00:00:00,R5,East,110,13.5,3.5,Weekend
2025-01-29 01:00:00,R4,North,317,10.8,3.1,Weekday
2025-01-29 02:00:00,R1,North,311,9.0,4.5,Weekday
2025-01-29 03:00:00,R5,Central,267,12.8,3.3,Weekday
2025-01-29 04:00:00,R5,North,332,2.6,4.6,Weekend
2025-01-29 05:00:00,R3,West,185,10.7,2.5,Weekday
2025-01-29 06:00:00,R5,South,429,15.6,3.3,Weekend
2025-01-29 07:00:00,R5,Central,411,12.7,3.1,Weekend
2025-01-29 08:00:00,R5,East,498,13.5,3.1,Weekend
2025-01-29 09:00:00,R5,West,490,18.0,2.7,Weekend
2025-01-29 10:00:00,R2,Central,142,9.7,3.0,Weekend
2025-01-29 11:00:00,R2,North,158,6.7,3.9,Weekday
2025-01-29 12:00:00,R3,North,290,15.9,3.2,Weekend
2025-01-29 13:00:00,R1,North,404,15.9,3.5,Weekday
2025-01-29 14:00:00,R5,North,473,12.8,3.4,Weekday
2025-01-29 15:00:00,R1,East,191,9.2,4.7,Weekday
2025-01-29 16:00:00,R1,West,340,10.0,4.8,Weekday
2025-01-29 17:00:00,R3,South,481,3.6,3.7,Weekday
2025-01-29 18:00:00,R5,East,286,15.6,3.3,Weekday
2025-01-29 19:00:00,R5,East,389,15.4,2.8,Weekday
2025-01-29 20:00:00,R4,South,361,3.4,4.9,Weekend
2025-01-29 21:00:00,R1,South,226,14.3,2.7,Weekday
2025-01-29 22:00:00,R1,North,190,12.0,3.2,Weekend
2025-01-29 23:00:00,R2,East,238,4.9,3.2,Weekday
2025-01-30 00:00:00,R4,Central,98,4.0,3.3,Weekday
2025-01-30 01:00:00,R2,South,351,11.9,2.9,Weekday
2025-01-30 02:00:00,R2,South,418,8.0,4.5,Weekday
2025-01-30 03:00:00,R2,West,239,19.1,2.8,Weekend
2025-01-30 04:00:00,R3,Central,185,14.8,4.1,Weekend
2025-01-30 05:00:00,R3,Central,92,12.4,2.8,Weekend
2025-01-30 06:00:00,R2,South,453,12.6,2.7,Weekday
2025-01-30 07:00:00,R4,North,429,16.7,4.8,Weekday
2025-01-30 08:00:00,R1,West,402,14.2,3.0,Weekday
2025-01-30 09:00:00,R4,Central,139,12.5,4.6,Weekend
2025-01-30 10:00:00,R5,South,344,5.1,3.9,Weekday
2025-01-30 11:00:00,R3,Central,390,25.3,2.7,Weekend
2025-01-30 12:00:00,R1,West,294,4.5,4.9,Weekend
2025-01-30 13:00:00,R1,West,482,8.4,3.1,Weekday
2025-01-30 14:00:00,R5,East,241,1.7,4.6,Weekday
2025-01-30 15:00:00,R5,South,367,12.7,2.9,Weekend
2025-01-30 16:00:00,R2,West,155,10.8,4.6,Weekend
2025-01-30 17:00:00,R3,East,412,13.8,2.5,Weekend
2025-01-30 18:00:00,R3,East,359,1.3,3.8,Weekday
2025-01-30 19:00:00,R4,Central,431,15.6,4.4,Weekday
2025-01-30 20:00:00,R2,Central,282,6.0,4.8,Weekday
2025-01-30 21:00:00,R2,East,314,9.3,4.8,Weekday
2025-01-30 22:00:00,R2,Central,393,14.7,4.5,Weekday
2025-01-30 23:00:00,R2,West,86,11.3,4.7,Weekday
2025-01-31 00:00:00,R3,North,354,11.7,3.0,Weekend
2025-01-31 01:00:00,R3,West,90,14.0,3.2,Weekend
2025-01-31 02:00:00,R2,East,66,12.1,3.2,Weekend
2025-01-31 03:00:00,R4,East,393,8.3,3.4,Weekday
2025-01-31 04:00:00,R1,West,326,9.2,3.5,Weekend
2025-01-31 05:00:00,R1,Central,356,11.1,3.9,Weekday
2025-01-31 06:00:00,R4,Central,108,5.5,2.9,Weekday
2025-01-31 07:00:00,R2,East,472,15.0,4.2,Weekend
2025-01-31 08:00:00,R3,South,232,11.4,2.9,Weekday
2025-01-31 09:00:00,R1,Central,90,10.4,3.3,Weekend
2025-01-31 10:00:00,R5,West,88,16.0,3.8,Weekend
2025-01-31 11:00:00,R5,Central,446,9.4,4.5,Weekday
2025-01-31 12:00:00,R4,West,241,9.1,4.3,Weekend
2025-01-31 13:00:00,R2,East,316,7.6,4.1,Weekend
2025-01-31 14:00:00,R1,Central,196,11.7,2.9,Weekend
2025-01-31 15:00:00,R2,West,444,11.5,3.9,Weekend
2025-01-31 16:00:00,R1,East,382,6.7,2.7,Weekday
2025-01-31 17:00:00,R4,South,176,9.1,3.4,Weekend
2025-01-31 18:00:00,R4,West,95,6.7,3.5,Weekend
2025-01-31 19:00:00,R5,South,94,6.5,2.6,Weekend
2025-01-31 20:00:00,R2,South,50,1.4,3.2,Weekday
2025-01-31 21:00:00,R5,North,217,8.8,4.9,Weekend
2025-01-31 22:00:00,R2,Central,157,1.5,4.9,Weekday
2025-01-31 23:00:00,R5,West,68,7.7,3.4,Weekend
2025-02-01 00:00:00,R3,South,381,6.9,2.6,Weekend
2025-02-01 01:00:00,R3,North,121,15.3,2.9,Weekend
2025-02-01 02:00:00,R3,East,494,4.9,3.5,Weekday
2025-02-01 03:00:00,R3,West,158,6.2,4.9,Weekday
2025-02-01 04:00:00,R1,South,317,8.1,2.9,Weekday
2025-02-01 05:00:00,R3,Central,494,7.1,4.4,Weekday
2025-02-01 06:00:00,R4,North,289,16.8,2.8,Weekday
2025-02-01 07:00:00,R4,South,466,4.3,5.0,Weekday
2025-02-01 08:00:00,R1,Central,350,8.1,3.5,Weekend
2025-02-01 09:00:00,R3,South,139,11.7,4.4,Weekday
2025-02-01 10:00:00,R3,West,152,14.4,3.4,Weekend
2025-02-01 11:00:00,R3,West,299,8.1,4.1,Weekday
2025-02-01 12:00:00,R5,West,57,0.4,3.0,Weekday
2025-02-01 13:00:00,R2,North,202,9.2,2.9,Weekday
2025-02-01 14:00:00,R5,West,396,16.8,4.8,Weekend
2025-02-01 15:00:00,R2,Central,223,11.4,4.8,Weekday
2025-02-01 16:00:00,R3,South,392,11.2,4.7,Weekday
2025-02-01 17:00:00,R3,East,207,4.7,4.1,Weekend
2025-02-01 18:00:00,R5,Central,480,4.2,4.5,Weekend
2025-02-01 19:00:00,R5,Central,264,10.1,2.7,Weekend
2025-02-01 20:00:00,R2,West,226,2.9,3.3,Weekend
2025-02-01 21:00:00,R4,North,224,13.9,3.3,Weekday
2025-02-01 22:00:00,R2,South,389,5.8,4.1,Weekend
2025-02-01 23:00:00,R5,North,387,9.9,3.4,Weekday
2025-02-02 00:00:00,R5,South,195,0.6,2.9,Weekday
2025-02-02 01:00:00,R1,South,499,8.0,4.0,Weekend
2025-02-02 02:00:00,R5,North,373,4.1,4.5,Weekday
2025-02-02 03:00:00,R1,Central,210,1.6,3.5,Weekend
2025-02-02 04:00:00,R4,South,176,12.7,2.8,Weekday
2025-02-02 05:00:00,R2,North,469,18.2,3.0,Weekend
2025-02-02 06:00:00,R2,South,131,15.6,3.1,Weekend
2025-02-02 07:00:00,R1,East,196,13.4,3.2,Weekend
2025-02-02 08:00:00,R2,Central,288,7.9,4.1,Weekend
2025-02-02 09:00:00,R5,West,461,14.0,4.0,Weekend
2025-02-02 10:00:00,R3,South,473,16.1,4.2,Weekend
2025-02-02 11:00:00,R1,East,133,10.7,3.4,Weekday
2025-02-02 12:00:00,R2,West,162,4.1,4.6,Weekday
2025-02-02 13:00:00,R1,West,274,7.5,3.0,Weekday
2025-02-02 14:00:00,R1,South,381,18.5,3.7,Weekend
2025-02-02 15:00:00,R3,North,427,9.6,4.5,Weekday
2025-02-02 16:00:00,R5,South,292,6.6,3.0,Weekend
2025-02-02 17:00:00,R1,East,192,2.7,2.8,Weekday
2025-02-02 18:00:00,R2,West,90,7.9,4.7,Weekday
2025-02-02 19:00:00,R4,South,472,15.2,3.4,Weekend
2025-02-02 20:00:00,R1,North,307,8.6,4.2,Weekday
2025-02-02 21:00:00,R1,South,496,15.3,2.6,Weekday
2025-02-02 22:00:00,R3,Central,334,7.4,4.2,Weekday
2025-02-02 23:00:00,R5,North,154,0.2,3.3,Weekend
2025-02-03 00:00:00,R4,East,251,7.5,2.6,Weekday
2025-02-03 01:00:00,R2,West,499,11.7,4.0,Weekend
2025-02-03 02:00:00,R4,South,356,11.3,3.1,Weekday
2025-02-03 03:00:00,R2,North,380,3.7,3.5,Weekday
2025-02-03 04:00:00,R5,Central,315,8.2,2.7,Weekday
2025-02-03 05:00:00,R2,North,447,23.4,2.9,Weekday
2025-02-03 06:00:00,R3,Central,259,3.8,3.2,Weekend
2025-02-03 07:00:00,R3,East,100,13.3,2.7,Weekday
2025-02-03 08:00:00,R3,West,167,0.5,4.8,Weekend
2025-02-03 09:00:00,R3,East,250,14.3,2.5,Weekend
2025-02-03 10:00:00,R4,South,426,5.5,3.7,Weekday
2025-02-03 11:00:00,R5,North,88,12.0,2.8,Weekday
2025-02-03 12:00:00,R2,Central,77,3.5,3.3,Weekend
2025-02-03 13:00:00,R2,Central,308,11.5,4.8,Weekend
2025-02-03 14:00:00,R3,North,133,5.5,2.9,Weekday
2025-02-03 15:00:00,R3,North,204,6.4,4.9,Weekday
2025-02-03 16:00:00,R1,South,166,12.2,3.0,Weekday
2025-02-03 17:00:00,R5,East,51,7.8,4.4,Weekday
2025-02-03 18:00:00,R4,Central,142,11.9,3.9,Weekday
2025-02-03 19:00:00,R2,South,215,9.0,4.7,Weekend
2025-02-03 20:00:00,R1,East,436,10.3,3.9,Weekday
2025-02-03 21:00:00,R1,South,449,12.2,3.8,Weekday
2025-02-03 22:00:00,R2,Central,399,8.2,3.0,Weekend
2025-02-03 23:00:00,R4,North,345,5.0,2.9,Weekday
2025-02-04 00:00:00,R1,North,307,7.3,4.8,Weekday
2025-02-04 01:00:00,R1,East,130,16.0,3.3,Weekend
2025-02-04 02:00:00,R5,West,474,10.6,3.4,Weekday
2025-02-04 03:00:00,R4,East,317,5.8,4.4,Weekend
2025-02-04 04:00:00,R1,West,468,12.0,3.3,Weekday
2025-02-04 05:00:00,R4,South,284,12.3,4.9,Weekday
2025-02-04 06:00:00,R2,South,370,12.6,4.3,Weekday
2025-02-04 07:00:00,R3,Central,360,5.1,4.0,Weekend
2025-02-04 08:00:00,R1,West,350,6.6,4.7,Weekend
2025-02-04 09:00:00,R5,Central,406,6.6,2.6,Weekend
2025-02-04 10:00:00,R2,North,262,8.2,3.1,Weekend
2025-02-04 11:00:00,R4,West,111,12.7,3.7,Weekday
2025-02-04 12:00:00,R2,East,98,11.5,3.1,Weekend
2025-02-04 13:00:00,R1,North,176,11.9,4.4,Weekend
2025-02-04 14:00:00,R4,North,272,16.8,4.8,Weekend
2025-02-04 15:00:00,R3,East,458,13.4,3.6,Weekday
2025-02-04 16:00:00,R2,North,328,9.3,3.4,Weekday
2025-02-04 17:00:00,R1,West,457,4.1,4.9,Weekend
2025-02-04 18:00:00,R5,Central,343,6.4,3.6,Weekend
2025-02-04 19:00:00,R4,North,333,8.7,3.7,Weekday
2025-02-04 20:00:00,R2,West,326,14.1,3.4,Weekend
2025-02-04 21:00:00,R2,South,487,9.9,4.8,Weekend
2025-02-04 22:00:00,R3,West,156,6.7,3.9,Weekend
2025-02-04 23:00:00,R3,Central,195,6.3,4.4,Weekend
2025-02-05 00:00:00,R5,West,469,9.7,4.5,Weekday
2025-02-05 01:00:00,R5,East,148,14.4,3.4,Weekday
2025-02-05 02:00:00,R1,Central,478,18.0,3.6,Weekday
2025-02-05 03:00:00,R1,South,424,9.0,4.6,Weekend
2025-02-05 04:00:00,R5,East,122,9.8,3.4,Weekend
2025-02-05 05:00:00,R5,West,486,3.9,4.5,Weekday
2025-02-05 06:00:00,R4,Central,171,19.7,4.9,Weekday
2025-02-05 07:00:00,R3,South,79,3.0,4.1,Weekday
2025-02-05 08:00:00,R1,East,237,15.9,4.4,Weekend
2025-02-05 09:00:00,R3,South,413,8.2,4.5,Weekday
2025-02-05 10:00:00,R3,West,403,7.0,4.6,Weekend
2025-02-05 11:00:00,R5,South,337,4.4,3.5,Weekend
2025-02-05 12:00:00,R4,North,244,22.1,2.6,Weekday
2025-02-05 13:00:00,R2,East,205,11.1,3.5,Weekday
2025-02-05 14:00:00,R4,South,221,10.1,4.2,Weekend
2025-02-05 15:00:00,R4,West,384,14.4,3.6,Weekday
2025-02-05 16:00:00,R3,West,90,6.7,4.4,Weekday
2025-02-05 17:00:00,R4,South,112,10.0,3.4,Weekend
2025-02-05 18:00:00,R1,West,72,10.3,4.1,Weekend
2025-02-05 19:00:00,R3,Central,409,7.4,3.0,Weekend
2025-02-05 20:00:00,R1,Central,124,16.0,4.4,Weekend
2025-02-05 21:00:00,R2,Central,97,8.9,3.9,Weekend
2025-02-05 22:00:00,R3,North,209,2.2,3.0,Weekday
2025-02-05 23:00:00,R2,South,362,8.5,3.2,Weekend
2025-02-06 00:00:00,R3,North,167,11.2,4.4,Weekend
2025-02-06 01:00:00,R5,West,149,5.5,3.7,Weekend
2025-02-06 02:00:00,R4,North,429,5.9,3.0,Weekday
2025-02-06 03:00:00,R5,West,466,7.3,4.9,Weekend
2025-02-06 04:00:00,R2,West,457,16.1,4.3,Weekend
2025-02-06 05:00:00,R4,East,216,7.6,4.9,Weekend
2025-02-06 06:00:00,R3,Central,339,17.1,3.6,Weekday
2025-02-06 07:00:00,R4,West,489,6.9,3.7,Weekend
2025-02-06 08:00:00,R1,East,205,11.6,4.7,Weekend
2025-02-06 09:00:00,R4,Central,470,7.8,3.8,Weekend
2025-02-06 10:00:00,R1,West,56,13.8,4.3,Weekday
2025-02-06 11:00:00,R4,West,245,4.4,3.1,Weekday
2025-02-06 12:00:00,R1,North,470,13.7,3.6,Weekday
2025-02-06 13:00:00,R2,North,105,10.6,2.8,Weekday
2025-02-06 14:00:00,R5,Central,370,6.8,3.0,Weekend
2025-02-06 15:00:00,R3,West,242,9.2,2.5,Weekend
2025-02-06 16:00:00,R4,South,96,17.7,2.6,Weekday
2025-02-06 17:00:00,R5,North,197,10.7,4.9,Weekday
2025-02-06 18:00:00,R3,Central,324,6.5,3.1,Weekend
2025-02-06 19:00:00,R3,West,206,4.0,4.2,Weekend
2025-02-06 20:00:00,R1,West,251,12.5,4.6,Weekday
2025-02-06 21:00:00,R2,South,493,11.0,3.9,Weekday
2025-02-06 22:00:00,R2,Central,451,13.5,2.9,Weekday
2025-02-06 23:00:00,R5,West,468,2.7,4.3,Weekday
2025-02-07 00:00:00,R2,North,476,4.1,4.0,Weekend
2025-02-07 01:00:00,R4,South,175,15.7,4.3,Weekday
2025-02-07 02:00:00,R2,Central,444,11.7,4.4,Weekday
2025-02-07 03:00:00,R5,South,354,12.7,4.9,Weekend
2025-02-07 04:00:00,R2,North,418,5.2,3.9,Weekend
2025-02-07 05:00:00,R4,Central,343,5.1,3.4,Weekend
2025-02-07 06:00:00,R1,South,113,15.0,4.1,Weekend
2025-02-07 07:00:00,R5,East,374,15.2,2.7,Weekend
2025-02-07 08:00:00,R1,North,441,4.6,4.7,Weekday
2025-02-07 09:00:00,R1,North,467,3.6,2.8,Weekday
2025-02-07 10:00:00,R1,North,225,9.5,3.3,Weekday
2025-02-07 11:00:00,R3,East,165,6.0,4.5,Weekend
2025-02-07 12:00:00,R3,East,489,5.9,4.0,Weekday
2025-02-07 13:00:00,R1,West,253,3.7,3.5,Weekend
2025-02-07 14:00:00,R5,South,370,7.7,3.7,Weekday
2025-02-07 15:00:00,R4,West,80,4.2,4.6,Weekday
2025-02-07 16:00:00,R4,South,437,4.5,3.4,Weekend
2025-02-07 17:00:00,R2,East,162,11.5,4.7,Weekend
2025-02-07 18:00:00,R5,East,414,9.7,2.7,Weekday
2025-02-07 19:00:00,R3,West,483,12.4,4.4,Weekday
2025-02-07 20:00:00,R1,Central,374,1.8,4.6,Weekday
2025-02-07 21:00:00,R2,West,463,10.0,3.0,Weekday
2025-02-07 22:00:00,R4,South,425,20.4,3.6,Weekday
2025-02-07 23:00:00,R3,West,393,8.1,2.9,Weekend
2025-02-08 00:00:00,R3,North,492,14.1,4.3,Weekend
2025-02-08 01:00:00,R1,South,116,14.1,3.8,Weekend
2025-02-08 02:00:00,R4,South,124,14.3,4.1,Weekend
2025-02-08 03:00:00,R5,Central,94,10.8,3.0,Weekday
2025-02-08 04:00:00,R3,East,309,12.8,3.0,Weekday
2025-02-08 05:00:00,R1,South,203,13.5,2.6,Weekend
2025-02-08 06:00:00,R5,East,204,13.2,3.3,Weekday
2025-02-08 07:00:00,R4,West,479,4.4,3.9,Weekend
2025-02-08 08:00:00,R3,North,412,1.5,4.6,Weekday
2025-02-08 09:00:00,R5,Central,497,2.2,4.2,Weekday
2025-02-08 10:00:00,R5,East,283,8.6,3.6,Weekday
2025-02-08 11:00:00,R5,South,100,13.0,4.9,Weekend
2025-02-08 12:00:00,R3,East,355,4.5,4.3,Weekend
2025-02-08 13:00:00,R3,South,311,14.6,4.8,Weekend
2025-02-08 14:00:00,R2,East,364,7.5,3.8,Weekend
2025-02-08 15:00:00,R4,South,174,7.5,3.1,Weekday
2025-02-08 16:00:00,R1,West,448,5.8,2.6,Weekday
2025-02-08 17:00:00,R5,South,294,0.6,4.3,Weekday
2025-02-08 18:00:00,R2,South,79,11.1,2.8,Weekday
2025-02-08 19:00:00,R1,North,475,18.6,3.3,Weekend
2025-02-08 20:00:00,R2,South,171,9.7,3.8,Weekday
2025-02-08 21:00:00,R3,North,174,0.7,3.9,Weekday
2025-02-08 22:00:00,R5,Central,86,13.9,4.0,Weekday
2025-02-08 23:00:00,R1,North,219,1.9,2.9,Weekend
2025-02-09 00:00:00,R1,West,173,4.0,3.4,Weekend
2025-02-09 01:00:00,R1,North,406,8.8,4.0,Weekend
2025-02-09 02:00:00,R1,Central,84,10.6,4.9,Weekday
2025-02-09 03:00:00,R1,West,136,5.0,4.3,Weekend
2025-02-09 04:00:00,R2,East,183,8.6,4.8,Weekday
2025-02-09 05:00:00,R5,East,245,13.6,4.4,Weekday
2025-02-09 06:00:00,R3,North,323,14.3,4.0,Weekday
2025-02-09 07:00:00,R3,North,250,16.3,3.0,Weekend
2025-02-09 08:00:00,R3,Central,418,19.5,4.2,Weekend
2025-02-09 09:00:00,R3,Central,334,14.0,4.1,Weekday
2025-02-09 10:00:00,R2,South,126,8.9,4.0,Weekday
2025-02-09 11:00:00,R4,Central,108,14.3,3.7,Weekend
2025-02-09 12:00:00,R5,South,480,12.3,3.8,Weekend
2025-02-09 13:00:00,R1,West,175,12.5,3.3,Weekend
2025-02-09 14:00:00,R4,North,450,10.9,3.8,Weekday
2025-02-09 15:00:00,R3,West,158,5.4,3.0,Weekday
2025-02-09 16:00:00,R4,Central,273,4.9,4.5,Weekday
2025-02-09 17:00:00,R5,West,327,9.5,3.0,Weekend
2025-02-09 18:00:00,R1,West,117,10.7,2.7,Weekend
2025-02-09 19:00:00,R1,West,118,6.6,3.6,Weekend
2025-02-09 20:00:00,R5,Central,214,12.1,4.1,Weekday
2025-02-09 21:00:00,R5,West,354,20.4,3.6,Weekday
2025-02-09 22:00:00,R3,South,446,1.3,3.2,Weekend
2025-02-09 23:00:00,R1,Central,211,12.9,3.9,Weekday
2025-02-10 00:00:00,R4,West,414,9.7,3.4,Weekend
2025-02-10 01:00:00,R2,Central,391,12.3,4.8,Weekday
2025-02-10 02:00:00,R2,East,358,7.8,4.8,Weekend
2025-02-10 03:00:00,R5,South,428,9.3,3.8,Weekday
2025-02-10 04:00:00,R3,West,392,10.6,3.3,Weekday
2025-02-10 05:00:00,R2,East,484,8.5,4.3,Weekend
2025-02-10 06:00:00,R1,East,436,2.4,2.6,Weekend
2025-02-10 07:00:00,R5,Central,91,8.8,3.7,Weekend
2025-02-10 08:00:00,R4,East,403,2.9,3.3,Weekend
2025-02-10 09:00:00,R5,South,465,13.3,4.8,Weekend
2025-02-10 10:00:00,R4,South,158,0.7,2.5,Weekday
2025-02-10 11:00:00,R5,North,100,15.1,3.9,Weekend
2025-02-10 12:00:00,R5,South,299,12.1,4.4,Weekend
2025-02-10 13:00:00,R5,East,390,12.2,3.7,Weekend
2025-02-10 14:00:00,R4,South,479,0.8,2.7,Weekday
2025-02-10 15:00:00,R4,Central,432,8.4,4.9,Weekend
2025-02-10 16:00:00,R5,North,70,15.8,3.8,Weekend
2025-02-10 17:00:00,R2,East,349,7.4,4.0,Weekend
2025-02-10 18:00:00,R3,North,188,4.6,3.1,Weekday
2025-02-10 19:00:00,R3,East,408,6.8,3.7,Weekday
2025-02-10 20:00:00,R3,Central,373,9.7,3.6,Weekend
2025-02-10 21:00:00,R4,North,434,5.7,2.7,Weekday
2025-02-10 22:00:00,R4,West,141,16.2,2.8,Weekend
2025-02-10 23:00:00,R2,East,496,9.7,4.6,Weekday
2025-02-11 00:00:00,R3,West,329,7.2,3.1,Weekend
2025-02-11 01:00:00,R3,North,174,3.5,3.0,Weekday
2025-02-11 02:00:00,R5,West,446,12.4,3.8,Weekend
2025-02-11 03:00:00,R4,West,160,12.3,4.4,Weekend
2025-02-11 04:00:00,R3,North,403,6.0,2.7,Weekday
2025-02-11 05:00:00,R2,Central,188,1.2,3.9,Weekend
2025-02-11 06:00:00,R2,West,484,12.1,2.8,Weekend
2025-02-11 07:00:00,R3,West,322,9.1,2.6,Weekend
2025-02-11 08:00:00,R4,Central,148,11.7,2.6,Weekend
2025-02-11 09:00:00,R2,West,301,19.8,4.6,Weekday
2025-02-11 10:00:00,R5,West,387,9.9,2.8,Weekend
2025-02-11 11:00:00,R2,West,153,7.4,2.6,Weekday
2025-02-11 12:00:00,R1,South,263,4.3,3.6,Weekday
2025-02-11 13:00:00,R1,Central,298,8.4,4.6,Weekday
2025-02-11 14:00:00,R4,West,201,10.8,3.2,Weekday
2025-02-11 15:00:00,R3,Central,299,10.3,3.6,Weekend
2025-02-11 16:00:00,R4,East,324,18.6,2.6,Weekend
2025-02-11 17:00:00,R4,East,214,12.5,3.6,Weekday
2025-02-11 18:00:00,R4,West,390,9.3,3.9,Weekend
2025-02-11 19:00:00,R4,Central,57,6.5,3.9,Weekday
2025-02-11 20:00:00,R5,Central,333,11.3,3.3,Weekend
2025-02-11 21:00:00,R5,Central,54,5.5,3.3,Weekend
2025-02-11 22:00:00,R2,South,194,10.9,2.8,Weekend
2025-02-11 23:00:00,R1,East,150,12.4,3.4,Weekday
2025-02-12 00:00:00,R4,Central,213,8.9,2.7,Weekday
2025-02-12 01:00:00,R2,Central,423,6.8,4.4,Weekend
2025-02-12 02:00:00,R1,South,196,0.9,4.9,Weekday
2025-02-12 03:00:00,R3,South,113,15.7,4.9,Weekday
2025-02-12 04:00:00,R5,Central,140,12.0,4.7,Weekend
2025-02-12 05:00:00,R1,North,166,12.1,4.0,Weekday
2025-02-12 06:00:00,R3,Central,403,2.2,4.3,Weekend
2025-02-12 07:00:00,R1,Central,316,16.9,3.2,Weekend
2025-02-12 08:00:00,R5,South,359,7.7,4.1,Weekend
2025-02-12 09:00:00,R5,South,222,8.6,3.6,Weekday
2025-02-12 10:00:00,R2,Central,96,4.7,3.7,Weekend
2025-02-12 11:00:00,R4,Central,189,1.1,4.4,Weekend
2025-02-12 12:00:00,R1,Central,295,15.8,3.2,Weekday
2025-02-12 13:00:00,R1,South,198,16.4,3.3,Weekday
2025-02-12 14:00:00,R3,Central,295,9.2,4.8,Weekday
2025-02-12 15:00:00,R5,Central,444,6.6,2.6,Weekday
2025-02-12 16:00:00,R1,West,54,8.1,3.7,Weekend
2025-02-12 17:00:00,R5,North,233,8.3,4.8,Weekday
2025-02-12 18:00:00,R1,East,69,4.0,4.0,Weekday
2025-02-12 19:00:00,R2,North,474,8.5,3.9,Weekday
2025-02-12 20:00:00,R4,West,95,10.8,3.1,Weekday
2025-02-12 21:00:00,R1,East,61,15.1,3.4,Weekend
2025-02-12 22:00:00,R5,Central,119,10.1,4.6,Weekday
2025-02-12 23:00:00,R2,West,66,2.1,3.9,Weekend
2025-02-13 00:00:00,R1,Central,420,11.8,3.8,Weekday
2025-02-13 01:00:00,R3,South,196,8.7,2.7,Weekend
2025-02-13 02:00:00,R4,West,203,16.9,2.5,Weekend
2025-02-13 03:00:00,R1,South,353,17.1,4.9,Weekday
2025-02-13 04:00:00,R2,West,157,17.3,3.4,Weekend
2025-02-13 05:00:00,R3,West,285,7.2,4.0,Weekday
2025-02-13 06:00:00,R2,South,357,19.9,2.7,Weekend
2025-02-13 07:00:00,R2,East,401,11.8,4.2,Weekend
2025-02-13 08:00:00,R3,North,119,18.1,4.8,Weekend
2025-02-13 09:00:00,R2,Central,232,7.5,3.9,Weekday
2025-02-13 10:00:00,R3,West,299,8.5,2.8,Weekend
2025-02-13 11:00:00,R1,Central,277,11.4,4.0,Weekday
2025-02-13 12:00:00,R3,South,151,10.8,4.4,Weekend
2025-02-13 13:00:00,R3,Central,124,16.3,3.5,Weekend
2025-02-13 14:00:00,R4,South,466,8.8,4.7,Weekend
2025-02-13 15:00:00,R3,Central,495,15.8,4.1,Weekend
2025-02-13 16:00:00,R3,North,265,13.7,4.7,Weekend
2025-02-13 17:00:00,R1,North,456,8.9,4.1,Weekend
2025-02-13 18:00:00,R4,North,448,13.3,2.8,Weekday
2025-02-13 19:00:00,R5,North,460,7.6,3.3,Weekday
2025-02-13 20:00:00,R1,North,252,21.8,3.0,Weekday
2025-02-13 21:00:00,R1,North,241,3.3,4.8,Weekend
2025-02-13 22:00:00,R5,South,298,13.4,4.4,Weekday
2025-02-13 23:00:00,R3,West,291,1.2,4.2,Weekend
2025-02-14 00:00:00,R2,Central,228,8.9,3.3,Weekday
2025-02-14 01:00:00,R4,North,486,9.6,3.0,Weekday
2025-02-14 02:00:00,R2,South,268,17.5,4.4,Weekend
2025-02-14 03:00:00,R5,South,131,6.5,3.7,Weekend
2025-02-14 04:00:00,R1,South,141,16.5,3.1,Weekday
2025-02-14 05:00:00,R1,West,484,4.1,4.0,Weekday
2025-02-14 06:00:00,R4,Central,224,16.7,2.6,Weekday
2025-02-14 07:00:00,R1,West,288,7.6,3.3,Weekday
2025-02-14 08:00:00,R1,East,309,10.4,3.7,Weekend
2025-02-14 09:00:00,R4,South,440,8.3,2.9,Weekday
2025-02-14 10:00:00,R4,East,414,16.4,5.0,Weekend
2025-02-14 11:00:00,R5,North,212,15.4,3.0,Weekend
2025-02-14 12:00:00,R1,North,97,12.2,2.8,Weekday
2025-02-14 13:00:00,R1,West,378,4.2,3.0,Weekend
2025-02-14 14:00:00,R5,Central,377,6.4,4.4,Weekday
2025-02-14 15:00:00,R3,East,165,4.9,3.6,Weekend
2025-02-14 16:00:00,R3,Central,478,1.2,3.9,Weekend
2025-02-14 17:00:00,R3,West,386,16.3,2.6,Weekday
2025-02-14 18:00:00,R5,North,386,8.4,2.6,Weekend
2025-02-14 19:00:00,R1,Central,418,8.3,3.6,Weekend
2025-02-14 20:00:00,R5,Central,274,17.5,4.5,Weekday
2025-02-14 21:00:00,R5,North,401,7.6,4.7,Weekend
2025-02-14 22:00:00,R3,East,377,5.8,2.7,Weekend
2025-02-14 23:00:00,R2,North,196,8.9,3.8,Weekday
2025-02-15 00:00:00,R1,Central,112,4.3,4.8,Weekday
2025-02-15 01:00:00,R3,East,343,11.7,3.5,Weekend
2025-02-15 02:00:00,R2,East,372,8.1,4.6,Weekend
2025-02-15 03:00:00,R2,North,492,7.5,2.8,Weekend
2025-02-15 04:00:00,R4,Central,374,7.0,4.8,Weekday
2025-02-15 05:00:00,R1,West,62,9.5,4.4,Weekend
2025-02-15 06:00:00,R2,Central,480,10.4,4.9,Weekend
2025-02-15 07:00:00,R3,South,238,7.4,4.2,Weekend
2025-02-15 08:00:00,R4,West,336,8.2,3.4,Weekend
2025-02-15 09:00:00,R1,East,257,9.6,4.8,Weekend
2025-02-15 10:00:00,R5,West,163,9.1,3.2,Weekend
2025-02-15 11:00:00,R3,East,71,10.2,3.3,Weekday
2025-02-15 12:00:00,R2,East,398,6.6,4.3,Weekday
2025-02-15 13:00:00,R2,West,263,15.0,4.4,Weekend
2025-02-15 14:00:00,R3,East,220,10.5,4.8,Weekend
2025-02-15 15:00:00,R2,East,372,7.5,3.0,Weekday
2025-02-15 16:00:00,R4,South,103,11.7,4.5,Weekday
2025-02-15 17:00:00,R1,Central,443,9.6,4.3,Weekday
2025-02-15 18:00:00,R4,Central,347,1.3,2.7,Weekend
2025-02-15 19:00:00,R2,South,369,11.7,3.5,Weekend
2025-02-15 20:00:00,R5,West,175,4.9,3.2,Weekend
2025-02-15 21:00:00,R1,North,326,14.7,3.3,Weekend
2025-02-15 22:00:00,R1,North,253,8.8,5.0,Weekday
2025-02-15 23:00:00,R3,North,243,13.9,4.1,Weekday
2025-02-16 00:00:00,R3,South,218,6.8,4.3,Weekday
2025-02-16 01:00:00,R5,South,201,10.3,4.9,Weekday
2025-02-16 02:00:00,R1,East,84,16.1,3.4,Weekend
2025-02-16 03:00:00,R5,North,233,8.7,4.5,Weekend
2025-02-16 04:00:00,R3,West,335,7.0,3.6,Weekday
2025-02-16 05:00:00,R3,West,106,13.3,4.7,Weekday
2025-02-16 06:00:00,R1,North,271,13.2,3.0,Weekday
2025-02-16 07:00:00,R4,North,352,7.3,4.9,Weekday
2025-02-16 08:00:00,R2,North,212,0.1,3.0,Weekday
2025-02-16 09:00:00,R3,South,68,6.9,3.3,Weekend
2025-02-16 10:00:00,R3,South,419,13.4,4.4,Weekend
2025-02-16 11:00:00,R4,South,313,6.1,3.5,Weekday
2025-02-16 12:00:00,R4,Central,331,9.9,4.0,Weekday
2025-02-16 13:00:00,R5,West,162,6.7,3.6,Weekday
2025-02-16 14:00:00,R5,West,376,0.3,4.4,Weekend
2025-02-16 15:00:00,R2,East,79,6.6,3.1,Weekend
2025-02-16 16:00:00,R2,South,184,13.4,2.6,Weekend
2025-02-16 17:00:00,R1,Central,116,1.9,3.2,Weekday
2025-02-16 18:00:00,R5,Central,114,11.3,3.7,Weekend
2025-02-16 19:00:00,R3,West,341,4.1,2.9,Weekday
2025-02-16 20:00:00,R5,South,74,13.0,3.4,Weekend
2025-02-16 21:00:00,R3,East,86,13.6,3.5,Weekend
2025-02-16 22:00:00,R4,South,50,9.1,2.6,Weekend
2025-02-16 23:00:00,R5,North,448,9.2,4.0,Weekday
2025-02-17 00:00:00,R4,South,86,6.0,4.7,Weekday
2025-02-17 01:00:00,R2,North,190,3.3,2.9,Weekend
2025-02-17 02:00:00,R2,North,281,18.5,4.0,Weekday
2025-02-17 03:00:00,R1,East,185,5.7,4.2,Weekday
2025-02-17 04:00:00,R5,West,438,17.8,3.5,Weekday
2025-02-17 05:00:00,R4,South,237,5.7,4.3,Weekday
2025-02-17 06:00:00,R3,North,177,12.6,3.5,Weekday
2025-02-17 07:00:00,R2,South,250,4.3,3.8,Weekday
2025-02-17 08:00:00,R2,West,176,12.6,2.5,Weekday
2025-02-17 09:00:00,R3,West,306,8.4,4.2,Weekend
2025-02-17 10:00:00,R4,Central,213,8.4,4.2,Weekday
2025-02-17 11:00:00,R4,West,84,13.1,2.6,Weekday
2025-02-17 12:00:00,R5,East,243,7.7,3.4,Weekend
2025-02-17 13:00:00,R5,North,240,2.9,4.9,Weekend
2025-02-17 14:00:00,R1,Central,153,13.8,3.6,Weekend
2025-02-17 15:00:00,R2,East,72,4.3,3.8,Weekend
2025-02-17 16:00:00,R5,South,314,12.6,4.8,Weekday
2025-02-17 17:00:00,R4,North,339,14.9,4.3,Weekend
2025-02-17 18:00:00,R3,West,479,8.1,4.0,Weekend
2025-02-17 19:00:00,R4,North,433,15.9,4.5,Weekday
2025-02-17 20:00:00,R2,South,309,12.4,4.7,Weekday
2025-02-17 21:00:00,R4,Central,463,6.5,3.6,Weekday
2025-02-17 22:00:00,R1,Central,407,17.0,3.7,Weekend
2025-02-17 23:00:00,R2,Central,124,4.3,3.5,Weekday
2025-02-18 00:00:00,R3,West,404,8.1,4.9,Weekend
2025-02-18 01:00:00,R1,East,121,9.0,4.2,Weekday
2025-02-18 02:00:00,R2,East,308,13.0,2.7,Weekday
2025-02-18 03:00:00,R3,North,447,15.6,4.7,Weekend
2025-02-18 04:00:00,R1,West,237,15.3,3.7,Weekday
2025-02-18 05:00:00,R1,Central,222,11.1,2.7,Weekday
2025-02-18 06:00:00,R2,Central,339,8.6,3.9,Weekday
2025-02-18 07:00:00,R5,South,94,0.9,3.5,Weekday
2025-02-18 08:00:00,R1,South,110,3.4,4.7,Weekday
2025-02-18 09:00:00,R1,Central,132,18.8,3.0,Weekend
2025-02-18 10:00:00,R3,Central,172,0.8,4.6,Weekend
2025-02-18 11:00:00,R4,West,407,6.1,3.9,Weekday
2025-02-18 12:00:00,R2,East,65,15.7,2.6,Weekend
2025-02-18 13:00:00,R2,South,115,11.0,4.9,Weekend
2025-02-18 14:00:00,R5,East,473,14.6,3.8,Weekend
2025-02-18 15:00:00,R5,West,194,12.7,3.2,Weekday
2025-02-18 16:00:00,R2,Central,424,17.3,3.7,Weekday
2025-02-18 17:00:00,R5,East,211,11.5,4.6,Weekday
2025-02-18 18:00:00,R3,Central,283,13.3,3.3,Weekend
2025-02-18 19:00:00,R2,Central,429,6.4,3.0,Weekend
2025-02-18 20:00:00,R5,North,193,12.9,2.8,Weekday
2025-02-18 21:00:00,R2,East,407,8.0,3.2,Weekday
2025-02-18 22:00:00,R4,East,237,7.7,4.5,Weekend
2025-02-18 23:00:00,R1,Central,371,14.5,3.7,Weekend
2025-02-19 00:00:00,R2,West,499,14.5,3.1,Weekday
2025-02-19 01:00:00,R1,North,62,18.4,2.9,Weekend
2025-02-19 02:00:00,R5,Central,233,18.1,3.3,Weekend
2025-02-19 03:00:00,R1,South,160,14.6,4.8,Weekend
2025-02-19 04:00:00,R2,South,464,1.4,3.4,Weekend
2025-02-19 05:00:00,R4,North,339,19.1,5.0,Weekend
2025-02-19 06:00:00,R5,West,344,14.6,3.7,Weekend
2025-02-19 07:00:00,R2,Central,441,6.2,2.9,Weekend
2025-02-19 08:00:00,R5,East,264,13.6,4.7,Weekday
2025-02-19 09:00:00,R3,North,169,4.8,3.7,Weekday
2025-02-19 10:00:00,R1,West,431,13.1,4.3,Weekend
2025-02-19 11:00:00,R3,East,104,3.4,5.0,Weekend
2025-02-19 12:00:00,R2,South,76,6.0,2.6,Weekend
2025-02-19 13:00:00,R4,South,167,13.5,2.7,Weekday
2025-02-19 14:00:00,R5,East,270,15.4,4.3,Weekday
2025-02-19 15:00:00,R1,North,280,11.6,3.2,Weekend
2025-02-19 16:00:00,R5,South,102,8.6,3.0,Weekday
2025-02-19 17:00:00,R2,Central,344,0.6,2.6,Weekend
2025-02-19 18:00:00,R5,East,370,9.0,2.6,Weekend
2025-02-19 19:00:00,R1,East,450,12.7,4.4,Weekend
2025-02-19 20:00:00,R2,South,282,8.4,2.8,Weekend
2025-02-19 21:00:00,R5,North,207,9.9,3.7,Weekend
2025-02-19 22:00:00,R4,Central,486,9.1,4.0,Weekend
2025-02-19 23:00:00,R2,North,318,8.4,3.6,Weekend
